customer_id,age,annual_income,spend_score,tenure_years,region,membership_tier
CUST00000,61.0,98721.06,49.3,3.99,North,Gold
CUST00001,47.0,65848.52,39.14,8.19,West,Platinum
CUST00002,,68249.13,72.86,0.86,,Silver
CUST00003,37.0,73654.04,35.82,0.46,South,Basic
CUST00004,20.0,41322.72,71.19,1.98,South,Basic
CUST00005,48.0,96569.0,42.97,0.44,East,Basic
CUST00006,55.0,93766.69,61.83,0.08,North,Platinum
CUST00007,63.0,101180.05,82.5,2.03,South,Platinum
CUST00008,33.0,30087.32,75.77,0.32,South,Basic
CUST00009,43.0,78158.02,24.17,2.81,North,Basic
CUST00010,22.0,40348.44,64.49,1.37,West,Silver
CUST00011,62.0,79006.85,38.25,7.94,North,Basic
CUST00012,44.0,95755.81,46.95,2.48,,Platinum
CUST00013,52.0,94008.19,83.88,3.69,,Basic
CUST00014,51.0,99411.02,2.67,1.89,South,Basic
CUST00015,32.0,21720.9,78.64,3.13,North,Silver
CUST00016,50.0,110853.34,38.85,4.97,South,Basic
CUST00017,20.0,27900.29,89.16,2.03,East,Basic
CUST00018,58.0,144854.78,66.17,2.02,,Gold
CUST00019,38.0,56849.21,44.2,0.53,East,Basic
CUST00020,59.0,83577.28,76.16,0.08,West,Silver
CUST00021,26.0,29846.33,39.39,0.96,South,Silver
CUST00022,58.0,122921.83,76.39,2.19,North,Basic
CUST00023,60.0,114364.91,49.38,,East,Basic
CUST00024,62.0,143356.11,68.17,2.02,North,Basic
CUST00025,30.0,37249.39,78.11,8.37,North,Basic
CUST00026,44.0,51782.51,51.69,2.93,South,Basic
CUST00027,22.0,28072.48,90.84,5.29,South,Gold
CUST00028,27.0,21820.03,66.14,16.93,North,Gold
CUST00029,41.0,45394.76,63.72,7.05,West,Platinum
CUST00030,40.0,90904.91,32.74,8.96,East,Silver
CUST00031,60.0,110730.34,35.47,1.6,West,Gold
CUST00032,27.0,30714.28,64.85,0.53,South,Silver
CUST00033,21.0,27791.73,70.51,1.3,South,Basic
CUST00034,42.0,69701.34,,,West,Basic
CUST00035,19.0,21377.77,78.31,0.37,North,Silver
CUST00036,27.0,23469.19,,0.07,South,Gold
CUST00037,29.0,89808.71,42.1,0.0,West,Silver
CUST00038,20.0,45854.11,90.7,6.95,South,Basic
CUST00039,34.0,65535.58,62.57,10.45,West,Platinum
CUST00040,32.0,90857.84,38.23,3.36,South,Basic
CUST00041,62.0,101964.06,50.34,2.58,South,Platinum
CUST00042,53.0,44329.08,23.46,2.03,West,Gold
CUST00043,23.0,20110.45,94.34,10.92,North,Gold
CUST00044,64.0,82448.46,33.41,1.17,West,Gold
CUST00045,66.0,77331.5,,4.56,North,Basic
CUST00046,,31514.16,52.11,0.82,South,Silver
CUST00047,27.0,35807.49,59.66,0.84,East,Gold
CUST00048,48.0,75198.55,32.19,3.69,East,Gold
CUST00049,23.0,51855.08,75.96,4.35,West,Basic
CUST00050,30.0,30385.21,99.25,0.37,West,Basic
CUST00051,21.0,34865.31,,3.22,East,Basic
CUST00052,,107616.0,96.17,3.03,East,Silver
CUST00053,42.0,73502.48,24.21,0.65,South,Silver
CUST00054,38.0,83577.89,16.63,7.68,West,Gold
CUST00055,54.0,,35.44,2.04,East,Gold
CUST00056,46.0,80356.93,30.26,1.27,North,Silver
CUST00057,47.0,91373.75,20.63,1.24,West,Basic
CUST00058,24.0,27335.91,78.99,1.28,South,Silver
CUST00059,24.0,27135.18,73.07,0.15,South,Basic
CUST00060,48.0,,27.78,4.19,South,Basic
CUST00061,49.0,62477.23,54.41,8.88,West,Basic
CUST00062,54.0,73920.02,44.84,6.45,South,Basic
CUST00063,57.0,63883.21,54.9,1.38,South,Basic
CUST00064,39.0,73214.57,27.97,3.79,North,Silver
CUST00065,55.0,61652.94,21.57,1.23,South,Basic
CUST00066,42.0,67616.29,26.33,0.48,North,Basic
CUST00067,24.0,41554.74,73.33,1.37,East,Basic
CUST00068,24.0,55829.01,69.6,1.4,West,Silver
CUST00069,43.0,82279.55,50.83,0.59,South,Silver
CUST00070,18.0,31335.35,77.51,1.51,West,Basic
CUST00071,44.0,88334.75,31.15,1.8,West,Basic
CUST00072,63.0,96033.03,57.9,0.89,North,Platinum
CUST00073,32.0,30719.3,65.98,0.16,East,Silver
CUST00074,24.0,,63.5,0.76,East,Silver
CUST00075,32.0,39329.05,77.24,6.16,South,Silver
CUST00076,21.0,28379.33,42.45,2.45,,Gold
CUST00077,41.0,68232.37,37.18,1.13,South,Gold
CUST00078,41.0,57925.1,54.54,0.89,North,Basic
CUST00079,59.0,90342.99,21.59,3.06,East,Silver
CUST00080,45.0,67882.31,32.28,0.6,North,Basic
CUST00081,55.0,64922.28,33.65,0.73,South,Silver
CUST00082,53.0,,71.19,5.29,East,Basic
CUST00083,18.0,24924.7,74.38,1.71,East,Basic
CUST00084,25.0,24494.66,,,South,Platinum
CUST00085,21.0,33763.11,63.0,0.08,South,Gold
CUST00086,42.0,77557.62,46.1,10.09,North,Basic
CUST00087,45.0,70649.01,29.56,0.01,South,Platinum
CUST00088,18.0,28807.31,62.84,2.17,,Basic
CUST00089,40.0,78847.38,29.21,3.05,East,Silver
CUST00090,27.0,45580.03,75.14,2.33,South,Gold
CUST00091,49.0,106150.67,65.84,1.41,North,Basic
CUST00092,49.0,62320.19,41.15,5.53,East,Silver
CUST00093,28.0,31311.79,50.93,6.15,East,Silver
CUST00094,26.0,31534.14,53.76,1.48,North,Basic
CUST00095,43.0,51433.53,23.78,2.04,East,Silver
CUST00096,20.0,39673.35,97.66,2.07,North,Basic
CUST00097,28.0,27739.06,75.91,3.2,South,Silver
CUST00098,26.0,35291.85,64.2,0.63,East,Basic
CUST00099,64.0,74055.82,,0.19,East,Basic
CUST00100,69.0,107216.82,66.44,1.55,East,Gold
CUST00101,47.0,56117.9,46.28,0.32,West,Basic
CUST00102,24.0,32759.45,55.62,1.81,,Silver
CUST00103,64.0,82334.92,67.07,4.52,West,Gold
CUST00104,67.0,106230.82,45.41,1.74,South,Gold
CUST00105,33.0,78441.91,32.46,2.16,South,Basic
CUST00106,50.0,67163.81,36.66,2.56,West,Gold
CUST00107,23.0,34197.62,63.84,3.83,South,Gold
CUST00108,23.0,34085.42,95.38,2.38,,Basic
CUST00109,55.0,70745.62,89.36,1.56,East,Gold
CUST00110,45.0,,59.11,1.5,East,Gold
CUST00111,23.0,46021.89,68.04,0.58,East,Silver
CUST00112,23.0,34982.0,76.21,1.54,North,Silver
CUST00113,46.0,93572.4,46.71,4.0,East,Gold
CUST00114,24.0,29385.86,46.39,1.41,North,Platinum
CUST00115,54.0,56224.95,51.27,1.23,East,Silver
CUST00116,49.0,68554.27,45.2,2.24,East,Gold
CUST00117,47.0,102393.14,29.74,,West,Gold
CUST00118,50.0,57993.43,38.92,0.25,West,Gold
CUST00119,,94927.18,47.38,3.51,North,Platinum
CUST00120,41.0,65152.71,,0.92,North,Basic
CUST00121,38.0,105198.7,43.7,0.82,East,Basic
CUST00122,24.0,44855.0,67.18,5.56,West,Silver
CUST00123,45.0,59759.75,15.01,6.52,North,Silver
CUST00124,24.0,36991.31,86.44,1.89,South,Silver
CUST00125,49.0,86717.72,40.31,2.68,South,Gold
CUST00126,25.0,38875.63,61.08,9.12,South,Platinum
CUST00127,,44741.8,70.15,1.38,East,Silver
CUST00128,21.0,42355.39,70.0,5.34,South,Gold
CUST00129,39.0,86375.3,49.42,3.55,South,Basic
CUST00130,27.0,37870.37,100.0,8.09,West,Silver
CUST00131,58.0,92159.21,58.08,0.69,South,Basic
CUST00132,43.0,62805.39,38.86,4.41,North,Silver
CUST00133,25.0,30188.31,74.89,0.46,West,Silver
CUST00134,50.0,93232.24,46.01,4.4,South,Gold
CUST00135,21.0,36729.64,70.65,1.04,West,Silver
CUST00136,45.0,96612.16,43.84,0.15,West,Basic
CUST00137,48.0,79309.36,54.36,4.73,East,Basic
CUST00138,45.0,77786.34,,0.14,North,Basic
CUST00139,19.0,35087.86,79.2,5.01,West,Platinum
CUST00140,47.0,72701.54,39.38,0.57,East,Platinum
CUST00141,36.0,62638.04,43.37,2.23,South,Basic
CUST00142,53.0,100617.09,37.22,0.09,West,Basic
CUST00143,40.0,80003.24,35.95,0.21,West,Silver
CUST00144,42.0,77782.7,49.94,0.79,West,Silver
CUST00145,18.0,33289.63,47.57,1.2,North,Basic
CUST00146,19.0,20596.17,71.75,0.52,East,Basic
CUST00147,46.0,78639.66,23.02,0.32,South,Silver
CUST00148,51.0,83349.25,53.47,0.41,North,Basic
CUST00149,26.0,34439.9,85.68,1.79,South,Basic
CUST00150,55.0,107647.52,,0.16,North,Basic
CUST00151,64.0,100641.76,50.9,6.47,North,Silver
CUST00152,21.0,30664.13,43.43,6.63,East,Silver
CUST00153,34.0,85026.27,48.2,0.18,East,Basic
CUST00154,25.0,39337.56,52.12,3.3,South,Silver
CUST00155,50.0,75777.48,60.78,3.08,North,Silver
CUST00156,24.0,36164.12,85.32,2.16,,Gold
CUST00157,47.0,67102.4,35.37,0.77,East,Platinum
CUST00158,56.0,58126.06,31.98,2.17,East,Basic
CUST00159,60.0,85239.6,38.9,5.13,North,Gold
CUST00160,28.0,22024.6,62.94,0.92,North,Gold
CUST00161,57.0,81540.58,65.17,4.19,North,Silver
CUST00162,18.0,40049.91,66.25,1.66,North,Basic
CUST00163,29.0,38841.93,39.42,5.94,West,Basic
CUST00164,48.0,120476.44,33.74,2.56,South,Basic
CUST00165,21.0,32435.68,,4.65,East,Platinum
CUST00166,49.0,107636.09,,8.09,West,Silver
CUST00167,58.0,150993.94,53.83,1.51,West,Silver
CUST00168,29.0,31103.09,75.38,3.01,South,Silver
CUST00169,56.0,61664.84,85.86,9.47,South,Basic
CUST00170,27.0,51165.12,36.17,14.88,South,Basic
CUST00171,,101650.8,,2.21,North,Silver
CUST00172,21.0,38998.3,77.79,7.66,,Silver
CUST00173,60.0,89359.42,67.94,1.22,East,Gold
CUST00174,24.0,34134.13,52.78,1.38,,Silver
CUST00175,21.0,31530.98,71.33,7.41,East,Silver
CUST00176,47.0,72989.59,18.14,2.66,East,Gold
CUST00177,61.0,90451.59,51.89,4.78,North,Basic
CUST00178,55.0,85065.51,57.95,,East,Silver
CUST00179,43.0,115076.45,40.96,4.39,,Gold
CUST00180,54.0,69562.9,63.89,5.15,East,Basic
CUST00181,59.0,102940.63,44.57,1.32,East,Basic
CUST00182,43.0,64526.68,29.15,1.93,North,Basic
CUST00183,30.0,37871.65,75.29,1.09,East,Basic
CUST00184,57.0,110187.7,99.81,5.85,West,Silver
CUST00185,35.0,83321.95,43.05,3.23,South,Basic
CUST00186,28.0,48459.07,61.05,0.49,East,Silver
CUST00187,26.0,44068.55,37.2,8.36,East,Basic
CUST00188,47.0,80106.61,41.51,2.85,North,Basic
CUST00189,25.0,36610.76,76.72,1.34,South,Basic
CUST00190,60.0,103922.82,,2.65,West,Basic
CUST00191,20.0,20523.06,67.94,0.65,West,Platinum
CUST00192,32.0,,81.04,1.02,South,Basic
CUST00193,59.0,,70.56,5.25,South,Basic
CUST00194,30.0,40119.49,61.15,1.01,West,Basic
CUST00195,26.0,46787.3,52.96,10.55,North,Basic
CUST00196,35.0,75589.7,7.13,0.73,South,Silver
CUST00197,53.0,116809.44,75.25,,North,Gold
CUST00198,26.0,38050.17,36.96,6.13,North,Basic
CUST00199,21.0,28473.39,47.29,3.44,East,Silver
CUST00200,61.0,104198.01,46.46,0.7,South,Silver
CUST00201,68.0,93576.66,39.78,1.27,West,Gold
CUST00202,54.0,80700.35,31.45,2.01,West,Silver
CUST00203,25.0,27071.15,99.17,4.11,,Basic
CUST00204,25.0,42743.99,74.69,10.84,East,Gold
CUST00205,32.0,34304.32,77.12,3.1,East,Gold
CUST00206,29.0,37718.47,59.62,3.27,East,Silver
CUST00207,34.0,,22.73,4.21,West,Platinum
CUST00208,26.0,42954.8,64.29,1.66,North,Gold
CUST00209,52.0,60283.51,44.68,0.7,East,Basic
CUST00210,38.0,64151.46,43.31,6.42,North,Gold
CUST00211,47.0,69640.42,34.07,11.35,South,Silver
CUST00212,24.0,39993.47,93.96,4.71,South,Silver
CUST00213,62.0,85462.32,56.18,0.9,East,Silver
CUST00214,54.0,62672.47,39.21,2.82,West,Gold
CUST00215,42.0,76293.81,33.23,3.22,North,Silver
CUST00216,27.0,40703.98,56.15,1.53,East,Silver
CUST00217,18.0,22134.51,52.57,3.09,North,Basic
CUST00218,62.0,91575.35,60.77,9.95,North,Silver
CUST00219,29.0,44903.07,70.99,1.92,South,Platinum
CUST00220,29.0,37295.13,,2.12,East,Gold
CUST00221,48.0,90371.35,40.6,3.26,North,Basic
CUST00222,37.0,68725.97,29.29,1.99,South,Gold
CUST00223,,88617.89,85.42,5.24,West,Gold
CUST00224,21.0,46290.54,63.02,1.53,South,Silver
CUST00225,62.0,90586.88,66.39,2.9,West,Basic
CUST00226,27.0,36637.65,93.21,4.42,West,Silver
CUST00227,42.0,81434.48,42.82,0.77,South,Basic
CUST00228,,69857.33,20.91,2.1,East,Basic
CUST00229,24.0,27057.23,62.0,1.86,East,Silver
CUST00230,20.0,33428.01,73.67,1.68,South,Platinum
CUST00231,45.0,90313.24,30.22,1.44,South,Basic
CUST00232,,103067.52,63.45,0.56,South,Gold
CUST00233,42.0,75618.09,49.37,3.52,North,Platinum
CUST00234,69.0,88902.64,42.54,0.33,North,Basic
CUST00235,63.0,,42.7,6.34,South,Basic
CUST00236,53.0,59622.31,60.09,1.22,West,Gold
CUST00237,68.0,117974.85,68.88,1.04,North,Gold
CUST00238,26.0,29568.17,57.0,1.17,North,Basic
CUST00239,23.0,34939.46,88.54,7.2,South,Silver
CUST00240,57.0,98666.84,,1.25,East,Silver
CUST00241,63.0,126207.02,55.57,2.4,North,Gold
CUST00242,20.0,,90.37,0.37,North,Gold
CUST00243,,96404.77,30.68,,North,Basic
CUST00244,44.0,76280.57,53.12,6.5,South,Basic
CUST00245,61.0,93724.91,66.93,0.12,North,Basic
CUST00246,53.0,47338.19,,1.1,West,Platinum
CUST00247,46.0,78826.23,34.88,,West,Platinum
CUST00248,25.0,33758.93,80.91,11.39,South,Gold
CUST00249,50.0,61281.36,38.55,0.75,North,Basic
CUST00250,51.0,74058.8,37.96,4.09,North,Silver
CUST00251,61.0,99705.79,67.13,4.71,South,Basic
CUST00252,49.0,53208.64,17.36,7.98,South,Basic
CUST00253,27.0,35721.25,69.2,1.38,East,Basic
CUST00254,31.0,27110.08,45.17,0.37,South,Gold
CUST00255,40.0,58870.67,55.02,0.25,South,Basic
CUST00256,58.0,79504.56,71.88,2.78,South,Silver
CUST00257,22.0,44121.68,98.62,3.59,East,Platinum
CUST00258,21.0,44659.4,82.72,1.53,East,Silver
CUST00259,42.0,91459.91,48.56,3.03,North,Basic
CUST00260,31.0,33288.37,82.27,2.37,South,Platinum
CUST00261,55.0,,61.55,1.72,East,Silver
CUST00262,24.0,,55.56,3.38,East,Silver
CUST00263,33.0,39709.12,75.0,0.37,East,Silver
CUST00264,63.0,93241.45,21.49,0.59,East,Gold
CUST00265,32.0,27244.81,69.44,3.65,East,Silver
CUST00266,25.0,27345.31,54.7,12.48,South,Silver
CUST00267,26.0,46576.47,71.52,3.14,East,Silver
CUST00268,26.0,33748.63,53.83,1.72,South,Basic
CUST00269,38.0,48122.83,76.36,4.42,South,Gold
CUST00270,28.0,30890.91,70.29,12.99,North,Basic
CUST00271,22.0,37329.64,91.01,1.19,South,Basic
CUST00272,29.0,54141.41,70.1,1.2,,Basic
CUST00273,43.0,92240.65,45.03,0.02,North,Basic
CUST00274,48.0,74329.01,41.78,1.43,South,Silver
CUST00275,29.0,45292.72,49.84,0.3,East,Silver
CUST00276,25.0,28385.53,76.09,,West,Basic
CUST00277,54.0,69444.44,40.37,9.22,North,Basic
CUST00278,63.0,57556.89,51.89,0.45,West,Gold
CUST00279,58.0,72016.81,19.9,12.62,South,Platinum
CUST00280,27.0,27395.71,65.98,2.22,East,Silver
CUST00281,18.0,33560.48,61.36,,East,Basic
CUST00282,28.0,38598.52,73.18,8.21,West,Basic
CUST00283,21.0,26933.53,75.73,1.45,North,Basic
CUST00284,41.0,58617.27,49.62,5.46,West,Basic
CUST00285,40.0,79957.79,28.28,1.39,North,Platinum
CUST00286,25.0,23569.48,60.75,0.81,West,Gold
CUST00287,22.0,31619.51,84.79,2.54,,Basic
CUST00288,45.0,80927.14,44.3,0.51,South,Platinum
CUST00289,20.0,31803.61,69.82,4.43,South,Silver
CUST00290,,128284.67,51.65,5.27,North,Basic
CUST00291,23.0,34840.79,100.0,0.75,West,Silver
CUST00292,59.0,106257.16,64.41,4.16,East,Basic
CUST00293,26.0,,74.47,3.67,West,Gold
CUST00294,53.0,74472.03,61.95,9.59,East,Basic
CUST00295,50.0,85197.23,55.51,0.33,,Silver
CUST00296,59.0,70761.81,,0.59,West,Basic
CUST00297,60.0,69425.8,49.09,1.4,South,Platinum
CUST00298,54.0,103034.98,45.85,,East,Silver
CUST00299,58.0,89416.4,44.99,1.57,South,Silver
CUST00300,60.0,101391.08,61.89,0.26,West,Basic
CUST00301,25.0,20812.68,81.37,4.55,East,Platinum
CUST00302,55.0,69004.2,31.77,3.62,South,Silver
CUST00303,48.0,,28.19,1.93,East,Basic
CUST00304,62.0,123132.31,89.12,8.54,,Gold
CUST00305,46.0,66642.44,41.2,15.63,East,Basic
CUST00306,20.0,29479.08,73.44,1.61,South,Basic
CUST00307,50.0,63892.26,48.52,8.34,South,Silver
CUST00308,26.0,36129.35,60.38,1.75,West,Basic
CUST00309,30.0,20948.19,95.41,5.07,North,Silver
CUST00310,37.0,91098.87,31.19,5.36,West,Basic
CUST00311,47.0,68908.0,22.77,1.31,North,Basic
CUST00312,18.0,19721.9,65.2,3.27,North,Basic
CUST00313,22.0,24764.03,96.39,1.47,North,Basic
CUST00314,23.0,26743.74,56.45,4.39,North,Platinum
CUST00315,23.0,34493.44,58.97,,North,Silver
CUST00316,25.0,32074.27,55.45,0.49,West,Silver
CUST00317,43.0,66255.09,46.11,5.39,West,Basic
CUST00318,29.0,42634.79,49.4,4.41,East,Gold
CUST00319,64.0,67637.54,59.48,5.18,North,Basic
CUST00320,56.0,130817.97,47.85,3.93,West,Basic
CUST00321,49.0,68379.27,28.64,5.21,East,Silver
CUST00322,19.0,28104.14,62.5,0.73,East,Silver
CUST00323,42.0,83253.81,29.47,,West,Gold
CUST00324,51.0,108250.52,75.6,0.79,South,Gold
CUST00325,53.0,89091.31,52.51,3.0,South,Gold
CUST00326,64.0,90378.81,55.37,3.13,West,Basic
CUST00327,44.0,121327.68,40.44,1.28,East,Basic
CUST00328,48.0,82739.38,30.2,3.21,East,Basic
CUST00329,24.0,38202.48,81.24,4.55,East,Gold
CUST00330,45.0,85560.23,35.44,2.33,West,Platinum
CUST00331,25.0,37418.07,56.24,0.42,South,Platinum
CUST00332,46.0,68341.48,47.31,0.95,North,Basic
CUST00333,62.0,122051.88,70.61,4.73,,Gold
CUST00334,27.0,40652.26,,1.96,East,Silver
CUST00335,,72387.38,40.13,1.51,West,Gold
CUST00336,23.0,25878.35,58.77,7.43,South,Silver
CUST00337,35.0,91311.82,59.76,1.69,East,Basic
CUST00338,30.0,,84.32,10.9,West,Basic
CUST00339,60.0,88672.69,54.86,3.68,West,Platinum
CUST00340,27.0,36295.35,67.61,6.46,West,Silver
CUST00341,61.0,99427.51,,1.79,,Basic
CUST00342,64.0,102903.46,63.5,5.51,East,Basic
CUST00343,37.0,50906.15,42.05,1.03,South,Basic
CUST00344,60.0,88677.5,69.35,1.19,,Platinum
CUST00345,56.0,,55.3,4.11,East,Basic
CUST00346,60.0,108316.66,100.0,0.43,North,Basic
CUST00347,24.0,30316.97,85.59,1.43,East,Gold
CUST00348,51.0,79258.59,57.78,3.61,East,Silver
CUST00349,24.0,27761.54,66.46,8.91,East,Basic
CUST00350,44.0,75962.05,56.48,0.88,South,Basic
CUST00351,24.0,49730.04,59.44,5.75,East,Basic
CUST00352,49.0,71081.03,40.98,2.28,North,Basic
CUST00353,48.0,75284.87,28.76,13.84,East,Basic
CUST00354,47.0,74479.81,40.14,,West,Basic
CUST00355,51.0,46716.41,40.16,2.7,West,Gold
CUST00356,62.0,116983.68,55.76,4.88,West,Gold
CUST00357,56.0,102929.74,48.95,0.12,South,Gold
CUST00358,39.0,70779.45,36.12,,North,Basic
CUST00359,49.0,71297.64,44.96,1.13,East,Basic
CUST00360,64.0,104394.55,66.9,4.6,North,Platinum
CUST00361,29.0,54665.95,53.4,2.72,South,Gold
CUST00362,28.0,46136.57,80.36,1.34,East,Silver
CUST00363,26.0,28176.5,85.87,8.2,East,Basic
CUST00364,50.0,86461.72,5.56,0.07,East,Basic
CUST00365,,100313.3,34.18,1.72,West,Silver
CUST00366,62.0,109060.51,,1.27,North,Silver
CUST00367,53.0,52976.04,19.82,0.88,West,Basic
CUST00368,24.0,44280.74,70.32,2.87,East,Platinum
CUST00369,55.0,121158.31,22.26,2.87,South,Silver
CUST00370,65.0,55599.7,27.98,2.52,South,Silver
CUST00371,27.0,33665.79,72.05,3.44,East,Basic
CUST00372,18.0,40998.12,57.71,1.02,East,Gold
CUST00373,18.0,38131.97,84.92,9.75,,Gold
CUST00374,27.0,31850.9,59.84,0.2,North,Basic
CUST00375,27.0,22047.43,59.67,8.12,North,Silver
CUST00376,,86845.38,,0.22,South,Silver
CUST00377,37.0,69822.65,47.94,1.31,South,Gold
CUST00378,30.0,25419.29,94.35,,East,Basic
CUST00379,41.0,65678.07,32.23,,West,Gold
CUST00380,50.0,67133.78,45.94,1.82,,Silver
CUST00381,63.0,82421.09,60.79,1.63,South,Basic
CUST00382,56.0,78422.5,0.0,3.8,North,Basic
CUST00383,43.0,74160.82,39.36,1.47,West,Basic
CUST00384,26.0,22064.32,58.99,1.93,East,Basic
CUST00385,67.0,105339.81,44.28,1.2,North,Silver
CUST00386,38.0,61075.14,42.12,13.56,South,Gold
CUST00387,63.0,90210.58,48.75,0.78,East,Basic
CUST00388,20.0,29447.65,71.77,1.93,West,Platinum
CUST00389,74.0,75104.54,46.23,2.98,East,Basic
CUST00390,46.0,70752.55,26.81,1.42,South,Silver
CUST00391,29.0,41605.71,79.63,0.08,East,Platinum
CUST00392,35.0,76870.46,66.78,2.62,,Gold
CUST00393,45.0,71172.54,48.72,1.9,East,Silver
CUST00394,25.0,,94.63,0.06,North,Gold
CUST00395,47.0,52841.88,34.82,2.57,East,Basic
CUST00396,,129015.86,74.99,0.94,North,Basic
CUST00397,21.0,31579.49,85.67,,West,Silver
CUST00398,37.0,65876.28,37.74,0.14,West,Basic
CUST00399,45.0,84378.18,65.39,1.71,East,Basic
CUST00400,23.0,31289.6,33.42,0.98,East,Basic
CUST00401,63.0,,78.59,0.19,North,Platinum
CUST00402,58.0,110504.58,44.21,6.5,West,Gold
CUST00403,27.0,47036.05,64.7,1.93,South,Gold
CUST00404,61.0,89887.21,,1.38,South,Gold
CUST00405,51.0,87849.4,33.69,4.71,East,Basic
CUST00406,28.0,43527.82,89.32,1.83,West,Basic
CUST00407,51.0,78881.64,53.99,3.22,South,Silver
CUST00408,28.0,35755.76,77.01,1.91,East,Silver
CUST00409,59.0,72520.56,64.65,1.68,East,Basic
CUST00410,51.0,67490.73,39.98,3.32,South,Silver
CUST00411,39.0,51761.14,41.32,,East,Silver
CUST00412,23.0,31404.13,63.12,1.86,West,Basic
CUST00413,64.0,100668.83,75.28,9.54,South,Basic
CUST00414,31.0,34131.71,93.19,0.43,West,Silver
CUST00415,32.0,28713.63,73.6,5.28,West,Silver
CUST00416,30.0,30869.62,65.61,0.82,West,Platinum
CUST00417,61.0,107037.91,37.12,6.36,East,Silver
CUST00418,26.0,40404.85,83.03,0.51,West,Gold
CUST00419,59.0,115233.21,95.91,1.46,East,Gold
CUST00420,46.0,71096.57,25.94,2.68,West,Basic
CUST00421,26.0,39586.9,87.71,11.9,East,Silver
CUST00422,28.0,29851.51,98.36,0.89,West,Silver
CUST00423,25.0,32923.09,81.14,4.32,West,Silver
CUST00424,52.0,87374.07,34.26,1.4,,Basic
CUST00425,60.0,100466.43,67.62,4.9,East,Platinum
CUST00426,28.0,27144.72,78.36,3.17,East,Platinum
CUST00427,65.0,123595.75,49.4,0.26,West,Basic
CUST00428,26.0,35869.62,72.84,,South,Basic
CUST00429,58.0,88639.45,37.69,0.47,North,Basic
CUST00430,62.0,104393.93,52.3,1.03,West,Gold
CUST00431,63.0,78239.62,44.88,2.57,East,Silver
CUST00432,43.0,74394.86,23.97,0.65,South,Basic
CUST00433,64.0,102232.01,89.06,8.15,East,Gold
CUST00434,31.0,32084.57,99.86,1.79,North,Basic
CUST00435,23.0,31635.93,63.66,2.28,South,Silver
CUST00436,18.0,30729.63,60.01,2.4,South,Basic
CUST00437,41.0,58412.47,46.45,1.5,South,Silver
CUST00438,,75982.99,31.43,1.33,West,Silver
CUST00439,62.0,76726.97,30.61,3.02,East,Basic
CUST00440,60.0,114351.01,50.16,5.99,North,Silver
CUST00441,24.0,41022.98,100.0,4.17,South,Platinum
CUST00442,40.0,93425.92,47.22,0.62,North,Silver
CUST00443,26.0,22674.12,53.41,6.7,West,Platinum
CUST00444,26.0,37391.35,69.37,3.73,South,Silver
CUST00445,50.0,90964.68,56.25,6.52,South,Gold
CUST00446,56.0,64150.31,51.32,1.28,South,Basic
CUST00447,46.0,117216.71,52.13,6.68,North,Gold
CUST00448,24.0,34069.87,75.83,0.69,West,Basic
CUST00449,31.0,80712.44,40.59,4.87,East,Basic
CUST00450,25.0,,81.81,,South,Basic
CUST00451,71.0,91621.42,47.96,0.01,South,Basic
CUST00452,51.0,86887.61,36.26,8.06,East,Platinum
CUST00453,30.0,27678.19,43.6,6.86,North,Platinum
CUST00454,26.0,,46.52,,West,Gold
CUST00455,23.0,,56.55,1.11,East,Basic
CUST00456,68.0,106899.05,40.4,4.33,North,Gold
CUST00457,47.0,55811.19,32.49,4.29,East,Gold
CUST00458,55.0,98233.25,19.38,3.94,West,Basic
CUST00459,34.0,65229.39,29.41,0.23,North,Silver
CUST00460,51.0,76502.54,44.03,0.68,East,Silver
CUST00461,28.0,44570.72,62.92,0.39,East,Basic
CUST00462,58.0,91524.75,29.32,2.14,West,Silver
CUST00463,21.0,33657.01,92.79,0.08,East,Gold
CUST00464,48.0,75697.7,31.61,0.39,East,Basic
CUST00465,31.0,75959.67,49.46,2.68,West,Silver
CUST00466,49.0,69398.36,,0.47,West,Silver
CUST00467,,75747.39,80.9,3.86,South,Gold
CUST00468,22.0,26637.9,57.47,0.34,East,Platinum
CUST00469,44.0,,78.9,7.22,North,Gold
CUST00470,52.0,,52.65,0.78,,Silver
CUST00471,44.0,66925.51,43.9,0.89,West,Silver
CUST00472,27.0,42807.87,66.46,0.02,South,Silver
CUST00473,20.0,33758.96,55.83,4.12,East,Silver
CUST00474,24.0,46447.35,84.88,1.87,West,Basic
CUST00475,25.0,45947.76,76.4,13.29,North,Silver
CUST00476,43.0,,57.74,0.4,East,Gold
CUST00477,44.0,,49.42,5.76,West,Silver
CUST00478,36.0,62308.47,24.93,0.61,West,Gold
CUST00479,47.0,78544.86,45.85,2.94,North,Silver
CUST00480,34.0,60852.6,25.1,1.13,West,Basic
CUST00481,25.0,,60.68,2.04,West,Basic
CUST00482,46.0,86583.17,42.87,0.43,North,Basic
CUST00483,24.0,23250.88,45.66,3.2,East,Basic
CUST00484,31.0,40062.95,64.62,1.59,,Silver
CUST00485,44.0,55274.56,45.97,0.01,West,Basic
CUST00486,56.0,54282.54,46.38,1.0,North,Basic
CUST00487,22.0,26311.41,100.0,0.01,West,Basic
CUST00488,41.0,105958.42,38.74,0.52,East,Gold
CUST00489,46.0,95436.87,21.91,,South,Gold
CUST00490,45.0,46560.22,15.96,1.21,South,Basic
CUST00491,47.0,96316.14,48.89,3.98,West,Basic
CUST00492,41.0,89046.01,30.96,4.35,West,Basic
CUST00493,24.0,20251.62,31.59,0.07,South,Basic
CUST00494,55.0,91853.64,99.06,8.28,West,Basic
CUST00495,46.0,91432.84,32.57,1.46,East,Basic
CUST00496,48.0,83256.5,47.08,4.7,North,Basic
CUST00497,44.0,55363.57,32.07,1.45,East,Platinum
CUST00498,26.0,17057.38,89.81,1.28,West,Silver
CUST00499,51.0,42937.49,41.48,4.29,North,Gold
CUST00500,47.0,71657.67,34.35,7.9,North,Basic
CUST00501,57.0,87087.13,78.06,2.41,North,Basic
CUST00502,50.0,,75.85,0.07,East,Platinum
CUST00503,36.0,67515.94,,2.04,North,Basic
CUST00504,39.0,88340.19,44.59,1.01,West,Silver
CUST00505,66.0,96557.13,54.08,2.31,North,Platinum
CUST00506,25.0,44126.5,60.68,1.57,North,Silver
CUST00507,62.0,115523.79,69.09,,South,Basic
CUST00508,49.0,91220.62,44.55,0.14,West,Silver
CUST00509,19.0,39092.11,50.75,0.05,West,Basic
CUST00510,19.0,36133.25,47.49,3.62,South,Basic
CUST00511,65.0,86173.71,,1.34,East,Basic
CUST00512,24.0,32340.46,61.11,,West,Gold
CUST00513,23.0,28459.53,86.61,9.66,West,Silver
CUST00514,25.0,38372.93,74.4,3.92,North,Basic
CUST00515,28.0,34247.88,73.98,2.59,West,Basic
CUST00516,26.0,29694.61,58.85,0.93,West,Silver
CUST00517,38.0,96612.19,41.23,1.74,East,Platinum
CUST00518,30.0,25316.81,75.42,2.43,East,Basic
CUST00519,73.0,106006.9,65.37,6.44,South,Basic
CUST00520,56.0,111354.23,85.13,3.04,West,Gold
CUST00521,29.0,28097.6,86.19,0.86,West,Gold
CUST00522,30.0,41468.38,70.12,1.5,East,Platinum
CUST00523,38.0,71347.08,30.8,9.78,East,Basic
CUST00524,27.0,23747.99,62.65,0.74,South,Basic
CUST00525,27.0,43169.78,42.81,4.13,East,Silver
CUST00526,58.0,132008.25,57.44,,North,Basic
CUST00527,62.0,87966.41,85.93,,West,Gold
CUST00528,58.0,110515.05,50.69,6.83,East,Basic
CUST00529,20.0,44140.71,76.33,1.82,East,Silver
CUST00530,47.0,81715.73,36.27,1.97,North,Platinum
CUST00531,51.0,83188.18,56.21,1.19,East,Platinum
CUST00532,28.0,39351.02,78.28,1.42,North,Silver
CUST00533,42.0,82660.62,28.21,1.76,West,Platinum
CUST00534,24.0,50103.39,61.59,0.76,East,Basic
CUST00535,20.0,34991.04,86.64,0.65,South,Basic
CUST00536,44.0,91135.84,37.87,4.62,West,Basic
CUST00537,25.0,37858.92,61.25,1.18,West,Platinum
CUST00538,25.0,50556.78,94.55,1.87,North,Platinum
CUST00539,59.0,117538.86,56.05,9.55,North,Basic
CUST00540,62.0,114493.15,57.48,0.1,South,Basic
CUST00541,49.0,75188.68,16.82,0.93,North,Basic
CUST00542,59.0,80328.47,49.71,2.18,East,Basic
CUST00543,62.0,82088.07,50.64,,East,Gold
CUST00544,25.0,36794.32,56.4,4.68,East,Basic
CUST00545,,70315.98,32.14,6.44,North,Gold
CUST00546,24.0,29844.35,64.65,0.97,West,Silver
CUST00547,24.0,29590.03,73.71,2.35,West,Basic
CUST00548,63.0,93235.09,37.77,7.79,East,Basic
CUST00549,39.0,80770.85,64.27,5.45,North,Platinum
CUST00550,42.0,55146.18,30.23,2.08,South,Silver
CUST00551,24.0,24196.63,,0.27,East,Silver
CUST00552,18.0,32506.88,65.1,2.62,East,Basic
CUST00553,55.0,115343.55,64.52,0.05,North,Platinum
CUST00554,24.0,41957.41,65.62,5.0,West,Gold
CUST00555,22.0,44425.48,100.0,8.07,West,Gold
CUST00556,31.0,43451.08,36.39,4.1,East,Silver
CUST00557,42.0,82068.76,53.23,0.95,South,Gold
CUST00558,50.0,54964.19,27.28,1.98,East,Basic
CUST00559,37.0,89062.84,49.55,2.17,North,Gold
CUST00560,25.0,46373.02,83.5,1.29,East,Silver
CUST00561,25.0,31789.96,82.2,6.16,North,Silver
CUST00562,,101106.57,66.0,1.28,North,Platinum
CUST00563,43.0,77655.74,42.26,5.81,East,Platinum
CUST00564,54.0,80280.04,42.41,2.38,East,Silver
CUST00565,48.0,72689.5,41.45,,West,Silver
CUST00566,59.0,87387.5,4.98,6.51,East,Gold
CUST00567,25.0,33943.19,67.18,2.07,West,Platinum
CUST00568,28.0,,73.79,0.31,West,Gold
CUST00569,42.0,99082.25,25.76,6.51,South,Basic
CUST00570,23.0,38379.74,51.55,4.49,West,Basic
CUST00571,68.0,92676.01,73.88,0.97,South,Gold
CUST00572,50.0,83526.66,39.64,1.64,East,Gold
CUST00573,63.0,87081.64,14.08,7.5,North,Gold
CUST00574,63.0,124090.36,67.52,1.25,North,Silver
CUST00575,41.0,90507.14,51.9,2.56,East,Silver
CUST00576,61.0,78222.88,62.68,4.79,South,Silver
CUST00577,52.0,88902.84,39.94,1.35,East,Gold
CUST00578,49.0,83805.99,57.34,5.92,North,Basic
CUST00579,25.0,39249.79,72.52,3.61,South,Silver
CUST00580,59.0,81146.27,39.31,2.41,East,Gold
CUST00581,39.0,83717.98,34.85,2.07,East,Gold
CUST00582,19.0,50607.55,61.81,5.59,West,Basic
CUST00583,20.0,24847.28,,4.1,West,Gold
CUST00584,55.0,68441.35,29.75,1.94,West,Basic
CUST00585,41.0,56159.18,63.08,1.25,North,Basic
CUST00586,19.0,29109.82,94.1,1.44,East,Silver
CUST00587,21.0,35226.61,88.09,2.95,North,Basic
CUST00588,22.0,22200.41,75.52,0.08,South,Platinum
CUST00589,35.0,46279.25,55.16,0.53,North,Platinum
CUST00590,58.0,74514.75,53.47,8.23,South,Basic
CUST00591,39.0,82359.1,40.06,4.59,North,Gold
CUST00592,24.0,34740.21,94.01,4.22,East,Silver
CUST00593,42.0,85885.62,49.0,2.33,North,Gold
CUST00594,18.0,34573.58,30.25,0.95,East,Gold
CUST00595,25.0,34754.05,64.89,2.7,East,Silver
CUST00596,55.0,73913.81,32.51,0.11,North,Basic
CUST00597,52.0,65874.49,40.91,2.08,North,Basic
CUST00598,48.0,84782.46,55.07,0.04,West,Silver
CUST00599,37.0,80094.63,39.84,1.41,East,Platinum
CUST00110,45.0,,59.11,1.5,East,Gold
CUST00419,59.0,115233.21,95.91,1.46,East,Gold
CUST00565,48.0,72689.5,41.45,,West,Silver
CUST00077,41.0,68232.37,37.18,1.13,South,Gold
CUST00181,59.0,102940.63,44.57,1.32,East,Basic
CUST00284,41.0,58617.27,49.62,5.46,West,Basic
CUST00010,22.0,40348.44,64.49,1.37,West,Silver
CUST00469,44.0,,78.9,7.22,North,Gold
CUST00078,41.0,57925.1,54.54,0.89,North,Basic
CUST00349,24.0,27761.54,66.46,8.91,East,Basic
CUST00055,54.0,,35.44,2.04,East,Gold
CUST00118,50.0,57993.43,38.92,0.25,West,Gold
CUST00109,55.0,70745.62,89.36,1.56,East,Gold
CUST00588,22.0,22200.41,75.52,0.08,South,Platinum
CUST00369,55.0,121158.31,22.26,2.87,South,Silver
CUST00234,69.0,88902.64,42.54,0.33,North,Basic
CUST00030,40.0,90904.91,32.74,8.96,East,Silver
CUST00212,24.0,39993.47,93.96,4.71,South,Silver
